-- ====================================================================
-- 种子数据 (多样化, 覆盖各状态/来源/原因)
-- 密码以 'INIT:明文' 占位, 后端启动时 DataInitializer 自动 BCrypt 加密
-- ====================================================================
SET NAMES utf8mb4;
USE nyzy;

-- ---------------- 行政区划 (显式ID便于关联) ----------------
INSERT INTO sys_region (id, parent_id, name, code, level, sort) VALUES
 (1,   0,  '吉林省',               '220000', 1, 1),
 (2,   1,  '延边朝鲜族自治州',     '222400', 2, 1),
 (3,   2,  '延吉市',               '222401', 3, 1),
 (10,  3,  '安全乡',               '222401200', 4, 1),
 (11,  3,  '太平镇',               '222401201', 4, 2),
 (100, 10, '安全村',               '222401200001', 5, 1),
 (101, 10, '丰收村',               '222401200002', 5, 2),
 (110, 11, '太平村',               '222401201001', 5, 1),
 (111, 11, '红旗村',               '222401201002', 5, 2),
 (112, 11, '新农村',               '222401201003', 5, 3);

-- ---------------- 用户 (admin/admin123, 其余/123456) ----------------
INSERT INTO sys_user (username, password, nickname, role, phone, region_id, status) VALUES
 ('admin',   'INIT:admin123', '系统管理员', 'admin',    '13800000000', 3,   1),
 ('operator','INIT:123456',   '运营张三',   'operator', '13900000001', 3,   1),
 ('gridman', 'INIT:123456',   '网格员李四', 'gridman',  '13700000002', 110, 1);

-- ---------------- 确权地块 (12块, 覆盖2乡镇5村) ----------------
INSERT INTO land_parcel (parcel_code, name, region_id, region_path, contractor_name, contractor_code, area, land_use, center_lng, center_lat, contract_start, contract_end) VALUES
 ('JYA-F002','丰收村二组1号地',101,'吉林省/延边州/延吉市/安全乡/丰收村/二组','张秀芳','BF20180012',31.00,'基本农田',129.512300,42.901200,'2015-01-01','2044-12-31'),
 ('JYA-F001','丰收村一组3号地',101,'吉林省/延边州/延吉市/安全乡/丰收村/一组','陈建国','BF20180005',15.80,'一般耕地',129.510100,42.900100,'2015-01-01','2044-12-31'),
 ('JYA-A002','安全村二组1号地',100,'吉林省/延边州/延吉市/安全乡/安全村/二组','王长顺','BA20180021',22.40,'基本农田',129.498700,42.889900,'2015-01-01','2044-12-31'),
 ('JYA-A004','安全村三组2号地',100,'吉林省/延边州/延吉市/安全乡/安全村/三组','刘志成','BA20180034',7.50,'一般耕地',129.500200,42.887600,'2015-01-01','2044-12-31'),
 ('JYA-A001','安全村一组1号地',100,'吉林省/延边州/延吉市/安全乡/安全村/一组','赵德海','BA20180009',19.20,'基本农田',129.496300,42.890500,'2015-01-01','2044-12-31'),
 ('JYB-T002','太平村二组1号地',110,'吉林省/延边州/延吉市/太平镇/太平村/二组','李志远','BT20180018',18.20,'基本农田',129.601400,42.945300,'2015-01-01','2044-12-31'),
 ('JYB-T001','太平村一组2号地',110,'吉林省/延边州/延吉市/太平镇/太平村/一组','金永浩','BT20180003',24.60,'一般耕地',129.599900,42.944100,'2015-01-01','2044-12-31'),
 ('JYB-H001','红旗村一组1号地',111,'吉林省/延边州/延吉市/太平镇/红旗村/一组','张秀芳','BH20180027',33.70,'基本农田',129.612200,42.951800,'2015-01-01','2044-12-31'),
 ('JYB-H002','红旗村二组3号地',111,'吉林省/延边州/延吉市/太平镇/红旗村/二组','孙丽华','BH20180041',11.30,'一般耕地',129.613800,42.950200,'2015-01-01','2044-12-31'),
 ('JYB-X002','新农村二组1号地',112,'吉林省/延边州/延吉市/太平镇/新农村/二组','周伟明','BX20180015',9.60,'一般耕地',129.625500,42.960700,'2015-01-01','2044-12-31'),
 ('JYB-X001','新农村一组1号地',112,'吉林省/延边州/延吉市/太平镇/新农村/一组','吴秀英','BX20180007',13.40,'基本农田',129.624100,42.959300,'2015-01-01','2044-12-31'),
 ('JYA-A003','安全村三组1号地',100,'吉林省/延边州/延吉市/安全乡/安全村/三组','刘志成','BA20180030',16.70,'一般耕地',129.501800,42.888400,'2015-01-01','2044-12-31');

-- ---------------- 撂荒地块 (覆盖全部状态/来源/原因) ----------------
INSERT INTO abandon_parcel
 (parcel_code, parcel_name, region_id, region_path, abandon_year, area, partial_ratio, degree, start_time, found_date, source, reason_type, reason_text, reporter, govern_status, manager, remark, created_by) VALUES
 ('JYA-F002','丰收村二组1号地',101,'吉林省/延边州/延吉市/安全乡/丰收村/二组',2026,30.20,97.42,'FULL', '2026-03-01','2026-06-09','REMOTE', 'SOIL',    '土地贫瘠',     'test-invalid-user','PENDING',    NULL,      '遥感识别疑似撂荒, 待网格员核查',  'admin'),
 ('JYB-T002','太平村二组1号地',110,'吉林省/延边州/延吉市/太平镇/太平村/二组',2023,18.20,100.00,'FULL','2022-04-01','2023-06-15','PATROL', 'LABOR',   '劳动力不足',   '李志远','GOVERNED',  '金永浩',  '已流转给种植大户复耕',          'operator'),
 ('JYB-H001','红旗村一组1号地',111,'吉林省/延边州/延吉市/太平镇/红旗村/一组',2023,33.70,100.00,'FULL','2022-05-01','2023-08-20','REMOTE', 'INFRA',   '水利设施损坏', '张秀芳','GOVERNING', '孙丽华',  '东沟泵站损坏正在修复',          'operator'),
 ('JYB-X002','新农村二组1号地',112,'吉林省/延边州/延吉市/太平镇/新农村/二组',2024,9.60,100.00,'FULL', '2023-04-01','2024-05-10','PATROL', 'LABOR',   '劳动力不足',   '周伟明','UNGOVERNED',NULL,      '家中老人无力耕种',              'gridman'),
 ('JYA-A002','安全村二组1号地',100,'吉林省/延边州/延吉市/安全乡/安全村/二组',2024,22.40,100.00,'FULL','2023-07-01','2024-07-08','REPORT', 'DISASTER','自然灾害',     '王长顺','UNGOVERNED',NULL,      '2023年洪涝灾害后撂荒',          'operator'),
 ('JYA-F002','丰收村二组1号地',101,'吉林省/延边州/延吉市/安全乡/丰收村/二组',2023,30.20,97.42,'PARTIAL','2022-09-01','2023-09-12','REPORT','ECON',  '市场因素',     '张秀芳','REJECTED',  NULL,      '核查发现实际为正常轮作休耕, 驳回','operator'),
 ('JYA-A004','安全村三组2号地',100,'吉林省/延边州/延吉市/安全乡/安全村/三组',2024,7.50,100.00,'FULL', '2023-06-01','2024-06-20','PATROL', 'SOIL',    '土地贫瘠',     '刘志成','UNGOVERNED',NULL,      '土壤盐碱化产出低',              'gridman'),
 ('JYB-H002','红旗村二组3号地',111,'吉林省/延边州/延吉市/太平镇/红旗村/二组',2025,11.30,100.00,'PARTIAL','2024-04-01','2025-05-18','REMOTE','TRANSFER','土地流转不畅','张秀芳','GOVERNING', '孙丽华',  '协调土地流转中',                'operator'),
 ('JYB-T001','太平村一组2号地',110,'吉林省/延边州/延吉市/太平镇/太平村/一组',2022,24.60,100.00,'FULL','2021-04-01','2022-05-22','PATROL', 'ECON',    '种植效益低',   '金永浩','GOVERNED',  '金永浩',  '已恢复种植玉米',                'operator');

-- ---------------- 撂荒原因填报 ----------------
INSERT INTO abandon_reason (abandon_id, reason_types, detail, suggestion, reporter) VALUES
 (3, 'INFRA', '东沟泵站损坏, 半年未修, 无法灌溉', '建议修复东沟泵站', '张秀芳'),
 (4, 'LABOR', '常年外出务工3人, 留守老人2人', '建议协调土地流转', '周伟明'),
 (5, 'DISASTER', '2023年7月洪涝, 地块被淹', '建议灾后修复并改种耐涝作物', '王长顺');

-- ---------------- 撂荒治理任务 ----------------
INSERT INTO abandon_task (task_no, name, abandon_id, parcel_code, description, resp_unit, resp_person, target_area, standard, deadline, progress, task_status, created_by) VALUES
 ('T20230820001','红旗村撂荒地治理任务20230820', 3,'JYB-H001','修复水利设施后复耕', '太平镇人民政府','孙丽华',33.70,'恢复耕种, 种植一季粮食作物','2024-05-31', 60,'HANDLING','operator'),
 ('T20250518001','红旗村撂荒地治理任务20250518', 8,'JYB-H002','协调土地流转引入种植大户','太平镇人民政府','孙丽华',11.30,'恢复耕种','2025-10-31', 30,'HANDLING','operator'),
 ('T20230615001','太平村撂荒地治理任务20230615', 2,'JYB-T002','土地流转复耕', '太平镇人民政府','金永浩',18.20,'恢复耕种, 种植一季粮食作物','2023-12-31',100,'DONE','operator');
